"VMName","PrimaryServer","ReplicaServer","ReplicationHealth","ReplicationMode","LastReplicationTime"
"JHSDCAGRIAPP01","JHSDCR30APP03.jharkhandcloud.gov.in","DR-HV01-184-11.jharkhandcloud.gov.in","Critical","Replica","2/5/2025 5:43:26 PM"
"JHSDCAPDSAPP2","JHSDCR29WEB03.jharkhandcloud.gov.in","DR-HV01-184-11.jharkhandcloud.gov.in","Normal","Replica","2/12/2025 8:53:03 AM"
"JHSDCAYSHAPP01","JHSDCR30WEB01.jharkhandcloud.gov.in","DR-HV01-184-11.jharkhandcloud.gov.in","Warning","Replica","2/12/2025 8:58:57 AM"
"JHSDCBOREAPP01","JHSDCR04APP01.jharkhandcloud.gov.in","DR-HV01-184-11.jharkhandcloud.gov.in","Normal","Replica","2/12/2025 8:46:08 AM"
"JHSDCBPMSWEB01","JHSDCR29WEB02.jharkhandcloud.gov.in","DR-HV01-184-11.jharkhandcloud.gov.in","Normal","Replica","2/12/2025 8:48:09 AM"
"JHSDCCLMSAPP01","JHSDCR29WEB03.jharkhandcloud.gov.in","DR-HV01-184-11.jharkhandcloud.gov.in","Critical","Replica","2/7/2025 11:37:36 AM"
"JHSDCCQBEAPP02","JHSDCR30WEB01.jharkhandcloud.gov.in","DR-HV01-184-11.jharkhandcloud.gov.in","Normal","Replica","2/12/2025 8:56:06 AM"
"JHSDCCTAXAPI01","JHSDCR30APP03.jharkhandcloud.gov.in","DR-HV01-184-11.jharkhandcloud.gov.in","Normal","Replica","2/12/2025 8:48:11 AM"
"JHSDCCTAXAPP01","JHSDCR30APP03.jharkhandcloud.gov.in","DR-HV01-184-11.jharkhandcloud.gov.in","Normal","Replica","2/12/2025 8:53:44 AM"
"JHSDCCTAXAPP02","JHSDCR30APP03.jharkhandcloud.gov.in","DR-HV01-184-11.jharkhandcloud.gov.in","Normal","Replica","2/12/2025 8:53:05 AM"
"JHSDCCTAXESV01","JHSDCR30APP03.jharkhandcloud.gov.in","DR-HV01-184-11.jharkhandcloud.gov.in","Normal","Replica","2/12/2025 8:56:02 AM"
"JHSDCCTAXMIS01","JHSDCR30APP03.jharkhandcloud.gov.in","DR-HV01-184-11.jharkhandcloud.gov.in","Normal","Replica","2/12/2025 8:53:06 AM"
"JHSDCCTAXPOR02","JHSDCR30APP03.jharkhandcloud.gov.in","DR-HV01-184-11.jharkhandcloud.gov.in","Normal","Replica","2/12/2025 8:53:05 AM"
"JHSDCCTAXSLB01","JHSDCR30APP03.jharkhandcloud.gov.in","DR-HV01-184-11.jharkhandcloud.gov.in","Warning","Replica","2/12/2025 8:53:05 AM"
"JHSDCDISHAPP01","JHSDCR29WEB02.jharkhandcloud.gov.in","DR-HV01-184-11.jharkhandcloud.gov.in","Normal","Replica","2/12/2025 8:48:09 AM"
"JHSDCDLMSAPP01","JHSDCR04APP03.jharkhandcloud.gov.in","DR-HV01-184-11.jharkhandcloud.gov.in","Normal","Replica","2/12/2025 8:48:10 AM"
"JHSDCDLMSAPP02","JHSDCR04APP03.jharkhandcloud.gov.in","DR-HV01-184-11.jharkhandcloud.gov.in","Normal","Replica","2/12/2025 8:48:11 AM"
"JHSDCDLMSPROX01","JHSDCR04APP03.jharkhandcloud.gov.in","DR-HV01-184-11.jharkhandcloud.gov.in","Normal","Replica","2/12/2025 8:48:32 AM"
"JHSDCEGZTAPP01","JHSDCR29WEB03.jharkhandcloud.gov.in","DR-HV01-184-11.jharkhandcloud.gov.in","Normal","Replica","2/12/2025 8:46:07 AM"
"JHSDCEOFCAPP01","JHSDCR29WEB02.jharkhandcloud.gov.in","DR-HV01-184-11.jharkhandcloud.gov.in","Normal","Replica","2/12/2025 8:48:10 AM"
"JHSDCEOFCAPP02","JHSDCR29WEB02.jharkhandcloud.gov.in","DR-HV01-184-11.jharkhandcloud.gov.in","Normal","Replica","2/12/2025 8:48:10 AM"
"JHSDCICTAXAPP01","JHSDCR04APP03.jharkhandcloud.gov.in","DR-HV01-184-11.jharkhandcloud.gov.in","Normal","Replica","2/12/2025 8:48:32 AM"
"JHSDCILMSGTW01","JHSDCR04APP03.jharkhandcloud.gov.in","DR-HV01-184-11.jharkhandcloud.gov.in","Warning","Replica","2/12/2025 8:58:17 AM"
"JHSDCINFUCS01","JHSDCR04INF02.jharkhandcloud.gov.in","DR-HV01-184-11.jharkhandcloud.gov.in","Normal","Replica","2/12/2025 8:45:42 AM"
"JHSDCIPDSAPP02","JHSDCR29WEB02.jharkhandcloud.gov.in","DR-HV01-184-11.jharkhandcloud.gov.in","Normal","Replica","2/12/2025 8:45:59 AM"
"JHSDCJBMSAPP01","JHSDCR29WEB02.jharkhandcloud.gov.in","DR-HV01-184-11.jharkhandcloud.gov.in","Normal","Replica","2/12/2025 8:48:10 AM"
"JHSDCJCRTAPP01","JHSDCR04APP03.jharkhandcloud.gov.in","DR-HV01-184-11.jharkhandcloud.gov.in","Normal","Replica","2/12/2025 8:48:01 AM"
"JHSDCJDBTAPP01","JHSDCR29WEB03.jharkhandcloud.gov.in","DR-HV01-184-11.jharkhandcloud.gov.in","Normal","Replica","2/12/2025 8:58:02 AM"
"JHSDCJHJYAAP01","JHSDCR04APP03.jharkhandcloud.gov.in","DR-HV01-184-11.jharkhandcloud.gov.in","Normal","Replica","2/12/2025 8:48:32 AM"
"JHSDCJHLRNKS01","JHSDCR30APP03.jharkhandcloud.gov.in","DR-HV01-184-11.jharkhandcloud.gov.in","Normal","Replica","2/12/2025 8:53:04 AM"
"JHSDCJHTEAPP01","JHSDCR04APP03.jharkhandcloud.gov.in","DR-HV01-184-11.jharkhandcloud.gov.in","Normal","Replica","2/12/2025 8:48:00 AM"
"JHSDCJIMSAPP01","JHSDCR29WEB03.jharkhandcloud.gov.in","DR-HV01-184-11.jharkhandcloud.gov.in","Normal","Replica","2/12/2025 8:48:11 AM"
"JHSDCJIMSAPP02","JHSDCR29WEB03.jharkhandcloud.gov.in","DR-HV01-184-11.jharkhandcloud.gov.in","Warning","Replica","2/12/2025 8:48:10 AM"
"JHSDCJIMSAPP1","JHSDCR29WEB02.jharkhandcloud.gov.in","DR-HV01-184-11.jharkhandcloud.gov.in","Normal","Replica","2/12/2025 8:46:06 AM"
"JHSDCJIMSAPP2","JHSDCR29WEB02.jharkhandcloud.gov.in","DR-HV01-184-11.jharkhandcloud.gov.in","Warning","Replica","2/12/2025 8:59:00 AM"
"JHSDCJPDSUAT01","JHSDCR30WEB01.jharkhandcloud.gov.in","DR-HV01-184-11.jharkhandcloud.gov.in","Normal","Replica","2/12/2025 8:55:59 AM"
"JHSDCJPDSUAT02","JHSDCR30WEB01.jharkhandcloud.gov.in","DR-HV01-184-11.jharkhandcloud.gov.in","Normal","Replica","2/12/2025 8:55:59 AM"
"JHSDCJSECNFS01","JHSDCR04APP03.jharkhandcloud.gov.in","DR-HV01-184-11.jharkhandcloud.gov.in","Warning","Replica","2/12/2025 8:54:59 AM"
"JHSDCJSFSAPP2","JHSDCR30WEB01.jharkhandcloud.gov.in","DR-HV01-184-11.jharkhandcloud.gov.in","Normal","Replica","2/12/2025 8:55:01 AM"
"JHSDCKUSMAPP01","JHSDCR30WEB01.jharkhandcloud.gov.in","DR-HV01-184-11.jharkhandcloud.gov.in","Normal","Replica","2/12/2025 8:55:01 AM"
"JHSDCKUSMAPP03","JHSDCR30WEB01.jharkhandcloud.gov.in","DR-HV01-184-11.jharkhandcloud.gov.in","Normal","Replica","2/12/2025 8:55:01 AM"
"JHSDCKUSMAPP06","JHSDCR30WEB01.jharkhandcloud.gov.in","DR-HV01-184-11.jharkhandcloud.gov.in","Normal","Replica","2/12/2025 8:53:02 AM"
"JHSDCMSRYAPP02","JHSDCR30WEB01.jharkhandcloud.gov.in","DR-HV01-184-11.jharkhandcloud.gov.in","Normal","Replica","2/12/2025 8:48:28 AM"
"JHSDCNPRTAPP01","JHSDCR04APP03.jharkhandcloud.gov.in","DR-HV01-184-11.jharkhandcloud.gov.in","Normal","Replica","2/12/2025 8:48:01 AM"
"JHSDCPDSAPP1","JHSDCR29WEB03.jharkhandcloud.gov.in","DR-HV01-184-11.jharkhandcloud.gov.in","Normal","Replica","2/12/2025 8:55:04 AM"
"JHSDCPDSAPP2","JHSDCR29WEB03.jharkhandcloud.gov.in","DR-HV01-184-11.jharkhandcloud.gov.in","Normal","Replica","2/12/2025 8:58:02 AM"
"JHSDCRERAAPP01","JHSDCR29WEB02.jharkhandcloud.gov.in","DR-HV01-184-11.jharkhandcloud.gov.in","Normal","Replica","2/12/2025 8:55:05 AM"
"JHSDCRTGSAPP01","JHSDCR04APP03.jharkhandcloud.gov.in","DR-HV01-184-11.jharkhandcloud.gov.in","Normal","Replica","2/12/2025 8:45:01 AM"
"JHSDCSAVIAPP01","JHSDCR29WEB03.jharkhandcloud.gov.in","DR-HV01-184-11.jharkhandcloud.gov.in","Normal","Replica","2/12/2025 8:45:59 AM"
"JHSDCSAYAAPP01","JHSDCR04APP03.jharkhandcloud.gov.in","DR-HV01-184-11.jharkhandcloud.gov.in","Normal","Replica","2/12/2025 8:48:30 AM"
"JHSDCSAYANFS01","JHSDCR04APP03.jharkhandcloud.gov.in","DR-HV01-184-11.jharkhandcloud.gov.in","Normal","Replica","2/12/2025 8:56:00 AM"
"JHSDCSPORAPP01","JHSDCR29WEB03.jharkhandcloud.gov.in","DR-HV01-184-11.jharkhandcloud.gov.in","Normal","Replica","2/12/2025 8:48:58 AM"
"JHSDCUDHDAPP01","JHSDCR29WEB01.jharkhandcloud.gov.in","DR-HV01-184-11.jharkhandcloud.gov.in","Normal","Replica","2/12/2025 8:58:43 AM"
"JHSDCVALTAPP01","JHSDCR04APP03.jharkhandcloud.gov.in","DR-HV01-184-11.jharkhandcloud.gov.in","Normal","Replica","2/12/2025 8:56:02 AM"
"JHSDCVALTAPP02","JHSDCR04APP03.jharkhandcloud.gov.in","DR-HV01-184-11.jharkhandcloud.gov.in","Warning","Replica","2/12/2025 8:48:11 AM"
"JHSDCVIDIAPP1","JHSDCR04APP01.jharkhandcloud.gov.in","DR-HV01-184-11.jharkhandcloud.gov.in","Normal","Replica","2/12/2025 8:48:04 AM"
"JHSDCYOGAAPP01","JHSDCR29WEB02.jharkhandcloud.gov.in","DR-HV01-184-11.jharkhandcloud.gov.in","Normal","Replica","2/12/2025 8:58:58 AM"
"JHSDCAGRIDBS01","JHSDCR05DBS01.jharkhandcloud.gov.in","DR-HV02-184-12.jharkhandcloud.gov.in","Normal","Replica","2/12/2025 8:50:59 AM"
"JHSDCAGRIDBS02","JHSDCR05DBS06.jharkhandcloud.gov.in","DR-HV02-184-12.jharkhandcloud.gov.in","Normal","Replica","2/12/2025 8:51:30 AM"
"JHSDCAYSHDBS01","JHSDCR30DBS05.jharkhandcloud.gov.in","DR-HV02-184-12.jharkhandcloud.gov.in","Normal","Replica","2/12/2025 8:45:56 AM"
"JHSDCBLKSDBS01","JHSDCR05DBS01.jharkhandcloud.gov.in","DR-HV02-184-12.jharkhandcloud.gov.in","Normal","Replica","2/12/2025 8:52:14 AM"
"JHSDCDISHDBS01","JHSDCR30DBS06.jharkhandcloud.gov.in","DR-HV02-184-12.jharkhandcloud.gov.in","Normal","Replica","2/12/2025 8:55:45 AM"
"JHSDCDOPLDBS01","JHSDCR05DBS02.jharkhandcloud.gov.in","DR-HV02-184-12.jharkhandcloud.gov.in","Normal","Replica","2/12/2025 8:51:26 AM"
"JHSDCEDBIDBS01","JHSDCR05DBS04.jharkhandcloud.gov.in","DR-HV02-184-12.jharkhandcloud.gov.in","Normal","Replica","2/12/2025 8:53:02 AM"
"JHSDCEGZTDBS01","JHSDCR30DBS05.jharkhandcloud.gov.in","DR-HV02-184-12.jharkhandcloud.gov.in","Normal","Replica","2/12/2025 8:45:58 AM"
"JHSDCELEGDBS1","JHSDCR30DBS06.jharkhandcloud.gov.in","DR-HV02-184-12.jharkhandcloud.gov.in","Normal","Replica","2/12/2025 8:55:51 AM"
"JHSDCEPDSDBS01","JHSDCR30DBS03.jharkhandcloud.gov.in","DR-HV02-184-12.jharkhandcloud.gov.in","Normal","Replica","2/12/2025 8:46:32 AM"
"JHSDCEXCIDBS01","JHSDCR30DBS06.jharkhandcloud.gov.in","DR-HV02-184-12.jharkhandcloud.gov.in","Normal","Replica","2/12/2025 8:51:49 AM"
"JHSDCFORSDBS1","JHSDCR30DBS04.jharkhandcloud.gov.in","DR-HV02-184-12.jharkhandcloud.gov.in","Normal","Replica","2/12/2025 8:50:53 AM"
"JHSDCHRMSDBS01","JHSDCR05DBS02.jharkhandcloud.gov.in","DR-HV02-184-12.jharkhandcloud.gov.in","Normal","Replica","2/12/2025 8:51:45 AM"
"JHSDCHRMSDBS02","JHSDCR05DBS02.jharkhandcloud.gov.in","DR-HV02-184-12.jharkhandcloud.gov.in","Normal","Replica","2/12/2025 8:55:27 AM"
"JHSDCHUSBDBS01","JHSDCR05DBS04.jharkhandcloud.gov.in","DR-HV02-184-12.jharkhandcloud.gov.in","Normal","Replica","2/12/2025 8:51:17 AM"
"JHSDCJAMCDBS01","JHSDCR30DBS03.jharkhandcloud.gov.in","DR-HV02-184-12.jharkhandcloud.gov.in","Normal","Replica","2/12/2025 8:59:00 AM"
"JHSDCJBCDDBS01","JHSDCR30DBS03.jharkhandcloud.gov.in","DR-HV02-184-12.jharkhandcloud.gov.in","Normal","Replica","2/12/2025 8:53:50 AM"
"JHSDCJBDBDBS01","JHSDCR05DBS01.jharkhandcloud.gov.in","DR-HV02-184-12.jharkhandcloud.gov.in","Normal","Replica","2/12/2025 8:50:53 AM"
"JHSDCJBMSDBS01","JHSDCR30DBS03.jharkhandcloud.gov.in","DR-HV02-184-12.jharkhandcloud.gov.in","Normal","Replica","2/12/2025 8:51:10 AM"
"JHSDCJBORDBS01","JHSDCR05DBS04.jharkhandcloud.gov.in","DR-HV02-184-12.jharkhandcloud.gov.in","Normal","Replica","2/12/2025 8:51:39 AM"
"JHSDCJCMSDBS01","JHSDCR30DBS05.jharkhandcloud.gov.in","DR-HV02-184-12.jharkhandcloud.gov.in","Normal","Replica","2/12/2025 8:46:11 AM"
"JHSDCJDBTDBS01","JHSDCR05DBS04.jharkhandcloud.gov.in","DR-HV02-184-12.jharkhandcloud.gov.in","Normal","Replica","2/12/2025 8:52:59 AM"
"JHSDCJGRUDBS01","JHSDCR30DBS05.jharkhandcloud.gov.in","DR-HV02-184-12.jharkhandcloud.gov.in","Normal","Replica","2/12/2025 8:57:16 AM"
"JHSDCJHLRDBS03","JHSDCR30DBS05.jharkhandcloud.gov.in","DR-HV02-184-12.jharkhandcloud.gov.in","Normal","Replica","2/12/2025 8:45:55 AM"
"JHSDCJIMSDBS02","JHSDCR05DBS04.jharkhandcloud.gov.in","DR-HV02-184-12.jharkhandcloud.gov.in","Normal","Replica","2/12/2025 8:51:46 AM"
"JHSDCJIMSDBS03","JHSDCR05DBS06.jharkhandcloud.gov.in","DR-HV02-184-12.jharkhandcloud.gov.in","Normal","Replica","2/12/2025 8:51:46 AM"
"JHSDCJIMSDBS1","JHSDCR05DBS01.jharkhandcloud.gov.in","DR-HV02-184-12.jharkhandcloud.gov.in","Normal","Replica","2/12/2025 8:46:43 AM"
"JHSDCJMRRDBS1","JHSDCR30DBS03.jharkhandcloud.gov.in","DR-HV02-184-12.jharkhandcloud.gov.in","Normal","Replica","2/12/2025 8:50:48 AM"
"JHSDCJMTCDBS01","JHSDCR05DBS06.jharkhandcloud.gov.in","DR-HV02-184-12.jharkhandcloud.gov.in","Normal","Replica","2/12/2025 8:51:40 AM"
"JHSDCJRCDDBS01","JHSDCR05DBS04.jharkhandcloud.gov.in","DR-HV02-184-12.jharkhandcloud.gov.in","Normal","Replica","2/12/2025 8:53:11 AM"
"JHSDCJSPSDBS1","JHSDCR30DBS04.jharkhandcloud.gov.in","DR-HV02-184-12.jharkhandcloud.gov.in","Normal","Replica","2/12/2025 8:50:37 AM"
"JHSDCJSWDDBS01","JHSDCR05DBS01.jharkhandcloud.gov.in","DR-HV02-184-12.jharkhandcloud.gov.in","Normal","Replica","2/12/2025 8:51:54 AM"
"JHSDCJTMSDBS1","JHSDCR05DBS02.jharkhandcloud.gov.in","DR-HV02-184-12.jharkhandcloud.gov.in","Normal","Replica","2/12/2025 8:51:27 AM"
"JHSDCKRMYDBS01","JHSDCR05DBS03.jharkhandcloud.gov.in","DR-HV02-184-12.jharkhandcloud.gov.in","Normal","Replica","2/12/2025 8:45:40 AM"
"JHSDCMHIDDBS01","JHSDCR30DBS06.jharkhandcloud.gov.in","DR-HV02-184-12.jharkhandcloud.gov.in","Normal","Replica","2/12/2025 8:56:00 AM"
"JHSDCPSDNDBS01","JHSDCR30DBS05.jharkhandcloud.gov.in","DR-HV02-184-12.jharkhandcloud.gov.in","Normal","Replica","2/12/2025 8:46:07 AM"
"JHSDCRERADBS01","JHSDCR30DBS05.jharkhandcloud.gov.in","DR-HV02-184-12.jharkhandcloud.gov.in","Normal","Replica","2/12/2025 8:46:12 AM"
"JHSDCRTGSDBS01","JHSDCR30DBS06.jharkhandcloud.gov.in","DR-HV02-184-12.jharkhandcloud.gov.in","Normal","Replica","2/12/2025 8:51:54 AM"
"JHSDCSARLDBS01","JHSDCR30DBS06.jharkhandcloud.gov.in","DR-HV02-184-12.jharkhandcloud.gov.in","Normal","Replica","2/12/2025 8:56:03 AM"
"JHSDCSAVIDBS01","JHSDCR05DBS02.jharkhandcloud.gov.in","DR-HV02-184-12.jharkhandcloud.gov.in","Normal","Replica","2/12/2025 8:55:25 AM"
"JHSDCSEDUDBS1","JHSDCR30DBS05.jharkhandcloud.gov.in","DR-HV02-184-12.jharkhandcloud.gov.in","Normal","Replica","2/12/2025 8:46:00 AM"
"JHSDCSGRSDBS01","JHSDCR05DBS05.jharkhandcloud.gov.in","DR-HV02-184-12.jharkhandcloud.gov.in","Normal","Replica","2/12/2025 8:52:53 AM"
"JHSDCSJTMSDBS2","JHSDCR05DBS04.jharkhandcloud.gov.in","DR-HV02-184-12.jharkhandcloud.gov.in","Normal","Replica","2/12/2025 8:44:57 AM"
"JHSDCSMDCDBS1","JHSDCR30DBS06.jharkhandcloud.gov.in","DR-HV02-184-12.jharkhandcloud.gov.in","Normal","Replica","2/12/2025 8:56:03 AM"
"JHSDCSMDCDBS2","JHSDCR30DBS06.jharkhandcloud.gov.in","DR-HV02-184-12.jharkhandcloud.gov.in","Normal","Replica","2/12/2025 8:50:32 AM"
"JHSDCSPORDBS01","JHSDCR05DBS04.jharkhandcloud.gov.in","DR-HV02-184-12.jharkhandcloud.gov.in","Normal","Replica","2/12/2025 8:51:02 AM"
"JHSDCUDHDDBS01","JHSDCR30DBS03.jharkhandcloud.gov.in","DR-HV02-184-12.jharkhandcloud.gov.in","Normal","Replica","2/12/2025 8:50:27 AM"
"JHSDCUPARDBS1","JHSDCR05DBS03.jharkhandcloud.gov.in","DR-HV02-184-12.jharkhandcloud.gov.in","Normal","Replica","2/12/2025 8:51:53 AM"
"JHSDCUPARDBS2","JHSDCR05DBS03.jharkhandcloud.gov.in","DR-HV02-184-12.jharkhandcloud.gov.in","Normal","Replica","2/12/2025 8:50:43 AM"
"JHSDCVIDIDBS1","JHSDCR30DBS06.jharkhandcloud.gov.in","DR-HV02-184-12.jharkhandcloud.gov.in","Normal","Replica","2/12/2025 8:56:01 AM"
"JHSDCYOGADBS01","JHSDCR30DBS03.jharkhandcloud.gov.in","DR-HV02-184-12.jharkhandcloud.gov.in","Normal","Replica","2/12/2025 8:51:01 AM"
"JHSDCABISAPP01","JHSDCR30WEB04.jharkhandcloud.gov.in","DR-HV03-184-13.jharkhandcloud.gov.in","Normal","Replica","2/12/2025 8:51:21 AM"
"JHSDCABISAPP02","JHSDCR30WEB04.jharkhandcloud.gov.in","DR-HV03-184-13.jharkhandcloud.gov.in","Normal","Replica","2/12/2025 8:52:24 AM"
"JHSDCABISAPP03","JHSDCR30WEB04.jharkhandcloud.gov.in","DR-HV03-184-13.jharkhandcloud.gov.in","Normal","Replica","2/12/2025 8:51:40 AM"
"JHSDCAGRIAPP02","JHSDCR30APP02.jharkhandcloud.gov.in","DR-HV03-184-13.jharkhandcloud.gov.in","Normal","Replica","2/12/2025 8:58:33 AM"
"JHSDCAHEMAPP01","JHSDCR30WEB04.jharkhandcloud.gov.in","DR-HV03-184-13.jharkhandcloud.gov.in","Normal","Replica","2/12/2025 8:52:19 AM"
"JHSDCASSYNFS01","JHSDCR30WEB04.jharkhandcloud.gov.in","DR-HV03-184-13.jharkhandcloud.gov.in","Normal","Replica","2/12/2025 8:52:21 AM"
"JHSDCATMSAPP01","JHSDCR30WEB04.jharkhandcloud.gov.in","DR-HV03-184-13.jharkhandcloud.gov.in","Normal","Replica","2/12/2025 8:51:02 AM"
"JHSDCCTAXLDP01","JHSDCR30APP02.jharkhandcloud.gov.in","DR-HV03-184-13.jharkhandcloud.gov.in","Normal","Replica","2/12/2025 8:48:43 AM"
"JHSDCCTAXMIS02","JHSDCR30APP02.jharkhandcloud.gov.in","DR-HV03-184-13.jharkhandcloud.gov.in","Normal","Replica","2/12/2025 8:58:29 AM"
"JHSDCCTAXPOR01","JHSDCR30APP02.jharkhandcloud.gov.in","DR-HV03-184-13.jharkhandcloud.gov.in","Normal","Replica","2/12/2025 8:56:00 AM"
"JHSDCDOPLAPP01","JHSDCR30APP01.jharkhandcloud.gov.in","DR-HV03-184-13.jharkhandcloud.gov.in","Normal","Replica","2/12/2025 8:54:29 AM"
"JHSDCFORSAPP1","JHSDCR30APP02.jharkhandcloud.gov.in","DR-HV03-184-13.jharkhandcloud.gov.in","Normal","Replica","2/12/2025 8:46:12 AM"
"JHSDCGSTNAPP01","JHSDCR30APP01.jharkhandcloud.gov.in","DR-HV03-184-13.jharkhandcloud.gov.in","Normal","Replica","2/12/2025 8:51:30 AM"
"JHSDCHRMSAPP01","JHSDCR30WEB03.jharkhandcloud.gov.in","DR-HV03-184-13.jharkhandcloud.gov.in","Normal","Replica","2/12/2025 8:57:13 AM"
"JHSDCHRMSAPP02","JHSDCR30WEB03.jharkhandcloud.gov.in","DR-HV03-184-13.jharkhandcloud.gov.in","Normal","Replica","2/12/2025 8:45:48 AM"
"JHSDCJCEBAPP1","JHSDCR30WEB03.jharkhandcloud.gov.in","DR-HV03-184-13.jharkhandcloud.gov.in","Normal","Replica","2/12/2025 8:57:12 AM"
"JHSDCJCMSAPP01","JHSDCR30WEB03.jharkhandcloud.gov.in","DR-HV03-184-13.jharkhandcloud.gov.in","Normal","Replica","2/12/2025 8:57:06 AM"
"JHSDCJFRYAPP01","JHSDCR30WEB03.jharkhandcloud.gov.in","DR-HV03-184-13.jharkhandcloud.gov.in","Normal","Replica","2/12/2025 8:53:16 AM"
"JHSDCJFRYAPP02","JHSDCR30WEB03.jharkhandcloud.gov.in","DR-HV03-184-13.jharkhandcloud.gov.in","Normal","Replica","2/12/2025 8:51:41 AM"
"JHSDCJGRUAPP01","JHSDCR30WEB04.jharkhandcloud.gov.in","DR-HV03-184-13.jharkhandcloud.gov.in","Normal","Replica","2/12/2025 8:54:34 AM"
"JHSDCJGRUNFS01","JHSDCR30WEB03.jharkhandcloud.gov.in","DR-HV03-184-13.jharkhandcloud.gov.in","Normal","Replica","2/12/2025 8:45:51 AM"
"JHSDCJHLRAPI01","JHSDCR30WEB03.jharkhandcloud.gov.in","DR-HV03-184-13.jharkhandcloud.gov.in","Normal","Replica","2/12/2025 8:57:07 AM"
"JHSDCJHLRBSD01","JHSDCR30APP01.jharkhandcloud.gov.in","DR-HV03-184-13.jharkhandcloud.gov.in","Normal","Replica","2/12/2025 8:54:31 AM"
"JHSDCJHLRLGN01","JHSDCR30APP02.jharkhandcloud.gov.in","DR-HV03-184-13.jharkhandcloud.gov.in","Normal","Replica","2/12/2025 8:55:47 AM"
"JHSDCJHLRLGN02","JHSDCR30APP02.jharkhandcloud.gov.in","DR-HV03-184-13.jharkhandcloud.gov.in","Normal","Replica","2/12/2025 8:48:45 AM"
"JHSDCJHLRMIS01","JHSDCR30APP02.jharkhandcloud.gov.in","DR-HV03-184-13.jharkhandcloud.gov.in","Normal","Replica","2/12/2025 8:46:32 AM"
"JHSDCJHLRMIS02","JHSDCR30APP02.jharkhandcloud.gov.in","DR-HV03-184-13.jharkhandcloud.gov.in","Normal","Replica","2/12/2025 8:58:49 AM"
"JHSDCJHLRMUT01","JHSDCR30APP01.jharkhandcloud.gov.in","DR-HV03-184-13.jharkhandcloud.gov.in","Normal","Replica","2/12/2025 8:56:00 AM"
"JHSDCJHLRNFS01","JHSDCR30APP02.jharkhandcloud.gov.in","DR-HV03-184-13.jharkhandcloud.gov.in","Normal","Replica","2/12/2025 8:44:38 AM"
"JHSDCJIMSAPI1","JHSDCR30APP01.jharkhandcloud.gov.in","DR-HV03-184-13.jharkhandcloud.gov.in","Normal","Replica","2/12/2025 8:52:06 AM"
"JHSDCJMRRAPP01","JHSDCR30APP02.jharkhandcloud.gov.in","DR-HV03-184-13.jharkhandcloud.gov.in","Normal","Replica","2/12/2025 8:57:20 AM"
"JHSDCJMTCAPP01","JHSDCR30WEB03.jharkhandcloud.gov.in","DR-HV03-184-13.jharkhandcloud.gov.in","Normal","Replica","2/12/2025 8:53:15 AM"
"JHSDCJRMCAPP01","JHSDCR30WEB03.jharkhandcloud.gov.in","DR-HV03-184-13.jharkhandcloud.gov.in","Normal","Replica","2/12/2025 8:46:04 AM"
"JHSDCJSFSPRX1","JHSDCR30WEB03.jharkhandcloud.gov.in","DR-HV03-184-13.jharkhandcloud.gov.in","Normal","Replica","2/12/2025 8:45:31 AM"
"JHSDCJVSKAPP02","JHSDCR30WEB03.jharkhandcloud.gov.in","DR-HV03-184-13.jharkhandcloud.gov.in","Normal","Replica","2/12/2025 8:45:53 AM"
"JHSDCKRMYAPP01","JHSDCR30WEB03.jharkhandcloud.gov.in","DR-HV03-184-13.jharkhandcloud.gov.in","Normal","Replica","2/12/2025 8:45:54 AM"
"JHSDCKUSMNFS01","JHSDCR30APP02.jharkhandcloud.gov.in","DR-HV03-184-13.jharkhandcloud.gov.in","Normal","Replica","2/12/2025 8:56:34 AM"
"JHSDCMSRYAPP01","JHSDCR30WEB03.jharkhandcloud.gov.in","DR-HV03-184-13.jharkhandcloud.gov.in","Normal","Replica","2/12/2025 8:53:19 AM"
"JHSDCMVTSAPP1","JHSDCR30APP02.jharkhandcloud.gov.in","DR-HV03-184-13.jharkhandcloud.gov.in","Normal","Replica","2/12/2025 8:46:18 AM"
"JHSDCMVTSAPP2","JHSDCR30APP02.jharkhandcloud.gov.in","DR-HV03-184-13.jharkhandcloud.gov.in","Normal","Replica","2/12/2025 8:57:17 AM"
"JHSDCPSDNAPP01","JHSDCR30WEB03.jharkhandcloud.gov.in","DR-HV03-184-13.jharkhandcloud.gov.in","Normal","Replica","2/12/2025 8:45:27 AM"
"JHSDCSARLAPP01","JHSDCR30WEB03.jharkhandcloud.gov.in","DR-HV03-184-13.jharkhandcloud.gov.in","Normal","Replica","2/12/2025 8:57:08 AM"
"JHSDCSGRSAPP01","JHSDCR30APP02.jharkhandcloud.gov.in","DR-HV03-184-13.jharkhandcloud.gov.in","Normal","Replica","2/12/2025 8:44:38 AM"
"JHSDCSGRSNFS01","JHSDCR30APP02.jharkhandcloud.gov.in","DR-HV03-184-13.jharkhandcloud.gov.in","Normal","Replica","2/12/2025 8:46:15 AM"
"JHSDCSJTMSNFS1","JHSDCR30APP02.jharkhandcloud.gov.in","DR-HV03-184-13.jharkhandcloud.gov.in","Normal","Replica","2/12/2025 8:57:32 AM"
"JHSDCSJTMSWEB1","JHSDCR30APP01.jharkhandcloud.gov.in","DR-HV03-184-13.jharkhandcloud.gov.in","Normal","Replica","2/12/2025 8:52:01 AM"
"JHSDCTNTCAPP01","JHSDCR30WEB04.jharkhandcloud.gov.in","DR-HV03-184-13.jharkhandcloud.gov.in","Normal","Replica","2/12/2025 8:59:05 AM"
"JHSDCTRTCAPP01","JHSDCR30WEB03.jharkhandcloud.gov.in","DR-HV03-184-13.jharkhandcloud.gov.in","Normal","Replica","2/12/2025 8:53:09 AM"
"JHSDCUPARAPP1","JHSDCR30APP01.jharkhandcloud.gov.in","DR-HV03-184-13.jharkhandcloud.gov.in","Normal","Replica","2/12/2025 8:52:04 AM"
"JHSDCUPARAPP2","JHSDCR30APP02.jharkhandcloud.gov.in","DR-HV03-184-13.jharkhandcloud.gov.in","Normal","Replica","2/12/2025 8:50:12 AM"
"JHSDCUPARFTP1","JHSDCR30APP02.jharkhandcloud.gov.in","DR-HV03-184-13.jharkhandcloud.gov.in","Normal","Replica","2/12/2025 8:56:44 AM"
"JHSDCUPARNFS1","JHSDCR30APP01.jharkhandcloud.gov.in","DR-HV03-184-13.jharkhandcloud.gov.in","Normal","Replica","2/12/2025 8:51:08 AM"
"JHSDCUPARPRX1","JHSDCR30APP01.jharkhandcloud.gov.in","DR-HV03-184-13.jharkhandcloud.gov.in","Normal","Replica","2/12/2025 8:54:28 AM"
"JHSDCABISDBS01","JHSDCR29DBS05.jharkhandcloud.gov.in","DR-HV04-184-14.jharkhandcloud.gov.in","Normal","Replica","2/12/2025 8:51:03 AM"
"JHSDCABISDBS02","JHSDCR29DBS05.jharkhandcloud.gov.in","DR-HV04-184-14.jharkhandcloud.gov.in","Normal","Replica","2/12/2025 8:59:11 AM"
"JHSDCABISDBS03","JHSDCR29DBS06.jharkhandcloud.gov.in","DR-HV04-184-14.jharkhandcloud.gov.in","Normal","Replica","2/12/2025 8:51:53 AM"
"JHSDCAHEMDBS01","JHSDCR29DBS06.jharkhandcloud.gov.in","DR-HV04-184-14.jharkhandcloud.gov.in","Normal","Replica","2/12/2025 8:51:22 AM"
"JHSDCBORENFS01","JHSDCR04APP02.jharkhandcloud.gov.in","DR-HV04-184-14.jharkhandcloud.gov.in","Normal","Replica","2/12/2025 8:56:04 AM"
"JHSDCBPMSDBS01","JHSDCR29DBS01.jharkhandcloud.gov.in","DR-HV04-184-14.jharkhandcloud.gov.in","Normal","Replica","2/12/2025 8:51:18 AM"
"JHSDCCLMSAPP02","JHSDCR30APP01.jharkhandcloud.gov.in","DR-HV04-184-14.jharkhandcloud.gov.in","Normal","Replica","2/12/2025 8:54:22 AM"
"JHSDCCPMSAPP01","JHSDCR04APP02.jharkhandcloud.gov.in","DR-HV04-184-14.jharkhandcloud.gov.in","Normal","Replica","2/12/2025 8:55:57 AM"
"JHSDCCPMSDBS01","JHSDCR29DBS03.jharkhandcloud.gov.in","DR-HV04-184-14.jharkhandcloud.gov.in","Normal","Replica","2/12/2025 8:53:20 AM"
"JHSDCCQBEAPP01","JHSDCR30WEB02.jharkhandcloud.gov.in","DR-HV04-184-14.jharkhandcloud.gov.in","Normal","Replica","2/12/2025 8:54:55 AM"
"JHSDCCTAXESV02","JHSDCR30APP02.jharkhandcloud.gov.in","DR-HV04-184-14.jharkhandcloud.gov.in","Normal","Replica","2/12/2025 8:58:11 AM"
"JHSDCCTAXSLB02","JHSDCR30APP02.jharkhandcloud.gov.in","DR-HV04-184-14.jharkhandcloud.gov.in","Normal","Replica","2/12/2025 8:58:50 AM"
"JHSDCDLMSNFS01","JHSDCR04APP02.jharkhandcloud.gov.in","DR-HV04-184-14.jharkhandcloud.gov.in","Normal","Replica","2/12/2025 8:47:14 AM"
"JHSDCDOSLAPP01","JHSDCR04APP02.jharkhandcloud.gov.in","DR-HV04-184-14.jharkhandcloud.gov.in","Normal","Replica","2/12/2025 8:51:57 AM"
"JHSDCDOSLDBS01","JHSDCR29DBS01.jharkhandcloud.gov.in","DR-HV04-184-14.jharkhandcloud.gov.in","Normal","Replica","2/12/2025 8:51:11 AM"
"JHSDCEDBIAPP01","JHSDCR30WEB02.jharkhandcloud.gov.in","DR-HV04-184-14.jharkhandcloud.gov.in","Normal","Replica","2/12/2025 8:51:11 AM"
"JHSDCELEGAPP1","JHSDCR04APP01.jharkhandcloud.gov.in","DR-HV04-184-14.jharkhandcloud.gov.in","Normal","Replica","2/12/2025 8:52:28 AM"
"JHSDCEXCIAPP01","JHSDCR04APP01.jharkhandcloud.gov.in","DR-HV04-184-14.jharkhandcloud.gov.in","Normal","Replica","2/12/2025 8:55:42 AM"
"JHSDCEXCIAPP02","JHSDCR04APP02.jharkhandcloud.gov.in","DR-HV04-184-14.jharkhandcloud.gov.in","Normal","Replica","2/12/2025 8:56:13 AM"
"JHSDCEXCIAPP03","JHSDCR04APP01.jharkhandcloud.gov.in","DR-HV04-184-14.jharkhandcloud.gov.in","Normal","Replica","2/12/2025 8:53:53 AM"
"JHSDCHUSBAPP01","JHSDCR04APP01.jharkhandcloud.gov.in","DR-HV04-184-14.jharkhandcloud.gov.in","Normal","Replica","2/12/2025 8:51:54 AM"
"JHSDCICTAXDBS01","JHSDCR29DBS01.jharkhandcloud.gov.in","DR-HV04-184-14.jharkhandcloud.gov.in","Normal","Replica","2/12/2025 8:54:40 AM"
"JHSDCJBDBAPP01","JHSDCR04APP01.jharkhandcloud.gov.in","DR-HV04-184-14.jharkhandcloud.gov.in","Normal","Replica","2/12/2025 8:53:52 AM"
"JHSDCJBORAPP01","JHSDCR04APP01.jharkhandcloud.gov.in","DR-HV04-184-14.jharkhandcloud.gov.in","Normal","Replica","2/12/2025 8:52:06 AM"
"JHSDCJBORNFS01","JHSDCR04APP02.jharkhandcloud.gov.in","DR-HV04-184-14.jharkhandcloud.gov.in","Normal","Replica","2/12/2025 8:47:11 AM"
"JHSDCJCEBDBS01","JHSDCR29DBS01.jharkhandcloud.gov.in","DR-HV04-184-14.jharkhandcloud.gov.in","Normal","Replica","2/12/2025 8:52:35 AM"
"JHSDCJFRYDBS01","JHSDCR05DBS01.jharkhandcloud.gov.in","DR-HV04-184-14.jharkhandcloud.gov.in","Normal","Replica","2/12/2025 8:52:14 AM"
"JHSDCJGRUAPP02","JHSDCR30WEB02.jharkhandcloud.gov.in","DR-HV04-184-14.jharkhandcloud.gov.in","Normal","Replica","2/12/2025 8:55:04 AM"
"JHSDCJGRUSTM01","JHSDCR30WEB02.jharkhandcloud.gov.in","DR-HV04-184-14.jharkhandcloud.gov.in","Normal","Replica","2/12/2025 8:59:09 AM"
"JHSDCJHJYDBS01","JHSDCR29DBS01.jharkhandcloud.gov.in","DR-HV04-184-14.jharkhandcloud.gov.in","Normal","Replica","2/12/2025 8:51:13 AM"
"JHSDCJHLRDAS01","JHSDCR04APP02.jharkhandcloud.gov.in","DR-HV04-184-14.jharkhandcloud.gov.in","Normal","Replica","2/12/2025 8:56:06 AM"
"JHSDCJIMSWEB1","JHSDCR04APP02.jharkhandcloud.gov.in","DR-HV04-184-14.jharkhandcloud.gov.in","Normal","Replica","2/12/2025 8:47:06 AM"
"JHSDCJPDSNGS01","JHSDCR04APP02.jharkhandcloud.gov.in","DR-HV04-184-14.jharkhandcloud.gov.in","Normal","Replica","2/12/2025 8:48:15 AM"
"JHSDCJPDSSLB01","JHSDCR04APP02.jharkhandcloud.gov.in","DR-HV04-184-14.jharkhandcloud.gov.in","Normal","Replica","2/12/2025 8:47:10 AM"
"JHSDCJPDSWEB1","JHSDCR30WEB02.jharkhandcloud.gov.in","DR-HV04-184-14.jharkhandcloud.gov.in","Normal","Replica","2/12/2025 8:54:54 AM"
"JHSDCJPDSWEB2","JHSDCR30WEB02.jharkhandcloud.gov.in","DR-HV04-184-14.jharkhandcloud.gov.in","Normal","Replica","2/12/2025 8:51:43 AM"
"JHSDCJPDSWEB3","JHSDCR04APP01.jharkhandcloud.gov.in","DR-HV04-184-14.jharkhandcloud.gov.in","Normal","Replica","2/12/2025 8:53:37 AM"
"JHSDCJPDSWEB4","JHSDCR04APP01.jharkhandcloud.gov.in","DR-HV04-184-14.jharkhandcloud.gov.in","Normal","Replica","2/12/2025 8:53:55 AM"
"JHSDCJPDSWEB5","JHSDCR04APP01.jharkhandcloud.gov.in","DR-HV04-184-14.jharkhandcloud.gov.in","Normal","Replica","2/12/2025 8:45:42 AM"
"JHSDCJPDSWEB6","JHSDCR04APP01.jharkhandcloud.gov.in","DR-HV04-184-14.jharkhandcloud.gov.in","Normal","Replica","2/12/2025 8:46:06 AM"
"JHSDCJRCDAPP01","JHSDCR04APP02.jharkhandcloud.gov.in","DR-HV04-184-14.jharkhandcloud.gov.in","Normal","Replica","2/12/2025 8:51:20 AM"
"JHSDCJRTEAPP01","JHSDCR04APP02.jharkhandcloud.gov.in","DR-HV04-184-14.jharkhandcloud.gov.in","Normal","Replica","2/12/2025 8:56:08 AM"
"JHSDCJRTEDBS01","JHSDCR29DBS01.jharkhandcloud.gov.in","DR-HV04-184-14.jharkhandcloud.gov.in","Normal","Replica","2/12/2025 8:51:35 AM"
"JHSDCJSECAPP01","JHSDCR04APP02.jharkhandcloud.gov.in","DR-HV04-184-14.jharkhandcloud.gov.in","Normal","Replica","2/12/2025 8:47:12 AM"
"JHSDCJSECDBS01","JHSDCR29DBS01.jharkhandcloud.gov.in","DR-HV04-184-14.jharkhandcloud.gov.in","Normal","Replica","2/12/2025 8:54:29 AM"
"JHSDCJSFSAPP1","JHSDCR30WEB02.jharkhandcloud.gov.in","DR-HV04-184-14.jharkhandcloud.gov.in","Normal","Replica","2/12/2025 8:50:55 AM"
"JHSDCJSFSNFS1","JHSDCR04APP01.jharkhandcloud.gov.in","DR-HV04-184-14.jharkhandcloud.gov.in","Normal","Replica","2/12/2025 8:53:50 AM"
"JHSDCJTMSAPP1","JHSDCR04APP01.jharkhandcloud.gov.in","DR-HV04-184-14.jharkhandcloud.gov.in","Normal","Replica","2/12/2025 8:46:13 AM"
"JHSDCJTMSWEB1","JHSDCR04APP01.jharkhandcloud.gov.in","DR-HV04-184-14.jharkhandcloud.gov.in","Normal","Replica","2/12/2025 8:46:05 AM"
"JHSDCJVSKAPP01","JHSDCR30WEB03.jharkhandcloud.gov.in","DR-HV04-184-14.jharkhandcloud.gov.in","Normal","Replica","2/12/2025 8:45:45 AM"
"JHSDCJXLNAPP01","JHSDCR04APP02.jharkhandcloud.gov.in","DR-HV04-184-14.jharkhandcloud.gov.in","Normal","Replica","2/12/2025 8:47:11 AM"
"JHSDCKRMYAPP02","JHSDCR30WEB02.jharkhandcloud.gov.in","DR-HV04-184-14.jharkhandcloud.gov.in","Normal","Replica","2/12/2025 8:50:49 AM"
"JHSDCKUSMAPI02","JHSDCR30WEB01.jharkhandcloud.gov.in","DR-HV04-184-14.jharkhandcloud.gov.in","Critical","Replica","2/11/2025 10:58:05 AM"
"JHSDCKUSMAPP02","JHSDCR30WEB03.jharkhandcloud.gov.in","DR-HV04-184-14.jharkhandcloud.gov.in","Normal","Replica","2/12/2025 8:57:10 AM"
"JHSDCKUSMAPP04","JHSDCR30WEB03.jharkhandcloud.gov.in","DR-HV04-184-14.jharkhandcloud.gov.in","Normal","Replica","2/12/2025 8:51:09 AM"
"JHSDCMVTSAPP3","JHSDCR30APP02.jharkhandcloud.gov.in","DR-HV04-184-14.jharkhandcloud.gov.in","Normal","Replica","2/12/2025 8:58:51 AM"
"JHSDCNPRTDBS01","JHSDCR29DBS01.jharkhandcloud.gov.in","DR-HV04-184-14.jharkhandcloud.gov.in","Normal","Replica","2/12/2025 8:54:27 AM"
"JHSDCPDSSMSGQ1","JHSDCR04APP01.jharkhandcloud.gov.in","DR-HV04-184-14.jharkhandcloud.gov.in","Normal","Replica","2/12/2025 8:45:57 AM"
"JHSDCPDSSMSGQ2","JHSDCR04APP01.jharkhandcloud.gov.in","DR-HV04-184-14.jharkhandcloud.gov.in","Normal","Replica","2/12/2025 8:53:40 AM"
"JHSDCPTAXAPP01","JHSDCR04APP02.jharkhandcloud.gov.in","DR-HV04-184-14.jharkhandcloud.gov.in","Normal","Replica","2/12/2025 8:48:00 AM"
"JHSDCPTAXDBS02","JHSDCR29DBS03.jharkhandcloud.gov.in","DR-HV04-184-14.jharkhandcloud.gov.in","Normal","Replica","2/12/2025 8:52:29 AM"
"JHSDCRCOTAPP01","JHSDCR04APP02.jharkhandcloud.gov.in","DR-HV04-184-14.jharkhandcloud.gov.in","Normal","Replica","2/12/2025 8:59:18 AM"
"JHSDCRCOTDBS01","JHSDCR29DBS03.jharkhandcloud.gov.in","DR-HV04-184-14.jharkhandcloud.gov.in","Normal","Replica","2/12/2025 8:58:04 AM"
"JHSDCSAYAAPP02","JHSDCR04APP02.jharkhandcloud.gov.in","DR-HV04-184-14.jharkhandcloud.gov.in","Normal","Replica","2/12/2025 8:53:22 AM"
"JHSDCSAYADBS02","JHSDCR05DBS06.jharkhandcloud.gov.in","DR-HV04-184-14.jharkhandcloud.gov.in","Normal","Replica","2/12/2025 8:51:00 AM"
"JHSDCSAYAGTW01","JHSDCR04APP02.jharkhandcloud.gov.in","DR-HV04-184-14.jharkhandcloud.gov.in","Normal","Replica","2/12/2025 8:46:15 AM"
"JHSDCSUKNDBS01","JHSDCR29DBS01.jharkhandcloud.gov.in","DR-HV04-184-14.jharkhandcloud.gov.in","Normal","Replica","2/12/2025 8:50:50 AM"
"JHSDCSUKNDBS02","JHSDCR29DBS01.jharkhandcloud.gov.in","DR-HV04-184-14.jharkhandcloud.gov.in","Normal","Replica","2/12/2025 8:51:29 AM"
"Win-2019-Bis","JHSDCR30APP01.jharkhandcloud.gov.in","DR-HV04-184-14.jharkhandcloud.gov.in","Critical","Replica","2/10/2025 1:09:07 PM"
"win-2022-Bis","JHSDCR30APP01.jharkhandcloud.gov.in","DR-HV04-184-14.jharkhandcloud.gov.in","Critical","Replica","2/10/2025 1:20:41 PM"
"JHSDCAPDSAPP1","JHSDCR29WEB01.jharkhandcloud.gov.in","DR-HV05-10-82-184-15.jharkhandcloud.gov.in","Normal","Replica","2/12/2025 8:52:56 AM"
"JHSDCAPDSPRX1","JHSDCR29WEB01.jharkhandcloud.gov.in","DR-HV05-10-82-184-15.jharkhandcloud.gov.in","Normal","Replica","2/12/2025 8:52:46 AM"
"JHSDCBOREDBS01","JHSDCR05DBS04.jharkhandcloud.gov.in","DR-HV05-10-82-184-15.jharkhandcloud.gov.in","Normal","Replica","2/12/2025 8:53:04 AM"
"JHSDCBPMSNFS01","JHSDCR29WEB01.jharkhandcloud.gov.in","DR-HV05-10-82-184-15.jharkhandcloud.gov.in","Normal","Replica","2/12/2025 8:52:32 AM"
"JHSDCCLMSDBS1","JHSDCR05DBS04.jharkhandcloud.gov.in","DR-HV05-10-82-184-15.jharkhandcloud.gov.in","Normal","Replica","2/12/2025 8:57:10 AM"
"JHSDCIPDSAPP01","JHSDCR29WEB01.jharkhandcloud.gov.in","DR-HV05-10-82-184-15.jharkhandcloud.gov.in","Normal","Replica","2/12/2025 8:52:44 AM"
"JHSDCJAMCAPP01","JHSDCR29WEB01.jharkhandcloud.gov.in","DR-HV05-10-82-184-15.jharkhandcloud.gov.in","Normal","Replica","2/12/2025 8:52:59 AM"
"JHSDCJBCDAPP01","JHSDCR29WEB01.jharkhandcloud.gov.in","DR-HV05-10-82-184-15.jharkhandcloud.gov.in","Normal","Replica","2/12/2025 8:59:05 AM"
"JHSDCJBCDNFS01","JHSDCR29WEB02.jharkhandcloud.gov.in","DR-HV05-10-82-184-15.jharkhandcloud.gov.in","Normal","Replica","2/12/2025 8:52:40 AM"
"JHSDCJCRTDBS01","JHSDCR29DBS04.jharkhandcloud.gov.in","DR-HV05-10-82-184-15.jharkhandcloud.gov.in","Normal","Replica","2/12/2025 8:51:16 AM"
"JHSDCJHTEDBS01","JHSDCR29DBS04.jharkhandcloud.gov.in","DR-HV05-10-82-184-15.jharkhandcloud.gov.in","Normal","Replica","2/12/2025 8:51:40 AM"
"JHSDCJIMSAPI01","JHSDCR29WEB01.jharkhandcloud.gov.in","DR-HV05-10-82-184-15.jharkhandcloud.gov.in","Normal","Replica","2/12/2025 8:53:04 AM"
"JHSDCJIMSAPP3","JHSDCR29WEB01.jharkhandcloud.gov.in","DR-HV05-10-82-184-15.jharkhandcloud.gov.in","Normal","Replica","2/12/2025 8:52:44 AM"
"JHSDCJIMSAPP4","JHSDCR29WEB01.jharkhandcloud.gov.in","DR-HV05-10-82-184-15.jharkhandcloud.gov.in","Normal","Replica","2/12/2025 8:51:34 AM"
"JHSDCJRMCDBS01","JHSDCR30DBS05.jharkhandcloud.gov.in","DR-HV05-10-82-184-15.jharkhandcloud.gov.in","Normal","Replica","2/12/2025 8:51:03 AM"
"JHSDCJRTENFS01","JHSDCR29WEB02.jharkhandcloud.gov.in","DR-HV05-10-82-184-15.jharkhandcloud.gov.in","Normal","Replica","2/12/2025 8:51:14 AM"
"JHSDCJSPSAPP1","JHSDCR29WEB01.jharkhandcloud.gov.in","DR-HV05-10-82-184-15.jharkhandcloud.gov.in","Normal","Replica","2/12/2025 8:54:30 AM"
"JHSDCJSPSNFS1","JHSDCR29WEB02.jharkhandcloud.gov.in","DR-HV05-10-82-184-15.jharkhandcloud.gov.in","Normal","Replica","2/12/2025 8:53:33 AM"
"JHSDCJSWMDBS01","JHSDCR29DBS04.jharkhandcloud.gov.in","DR-HV05-10-82-184-15.jharkhandcloud.gov.in","Normal","Replica","2/12/2025 8:51:49 AM"
"JHSDCMHIDAPP01","JHSDCR29WEB01.jharkhandcloud.gov.in","DR-HV05-10-82-184-15.jharkhandcloud.gov.in","Normal","Replica","2/12/2025 8:52:57 AM"
"JHSDCPDSPRX1","JHSDCR29WEB01.jharkhandcloud.gov.in","DR-HV05-10-82-184-15.jharkhandcloud.gov.in","Normal","Replica","2/12/2025 8:51:11 AM"
"JHSDCSAVINFS01","JHSDCR29WEB03.jharkhandcloud.gov.in","DR-HV05-10-82-184-15.jharkhandcloud.gov.in","Normal","Replica","2/12/2025 8:51:14 AM"
"JHSDCSMDCDBS03","JHSDCR29DBS02.jharkhandcloud.gov.in","DR-HV05-10-82-184-15.jharkhandcloud.gov.in","Normal","Replica","2/12/2025 8:51:17 AM"
"JHSDCVALTDBS01","JHSDCR29DBS02.jharkhandcloud.gov.in","DR-HV05-10-82-184-15.jharkhandcloud.gov.in","Normal","Replica","2/12/2025 8:47:13 AM"
"JHSDCVALTDBS02","JHSDCR29DBS04.jharkhandcloud.gov.in","DR-HV05-10-82-184-15.jharkhandcloud.gov.in","Normal","Replica","2/12/2025 8:47:13 AM"
